MapSheet.grass0, MapSheet.grass0, MapSheet.grass0, MapSheet.grass0, MapSheet.grass0, MapSheet.grass0, MapSheet.grass0, MapSheet.grass0, MapSheet.grass0, MapSheet.grass0, MapSheet.grass0, MapSheet.grass0, MapSheet.grass0, MapSheet.grass0, MapSheet.grass0, MapSheet.grass0, MapSheet.grass0, MapSheet.grass0, MapSheet.grass0, MapSheet.grass0, MapSheet.grass0, MapSheet.grass0, MapSheet.grass0, MapSheet.grass0
MapSheet.grass0, MapSheet.grass0, MapSheet.grass0, MapSheet.grass0, MapSheet.grass0, MapSheet.grass0, MapSheet.grass0, MapSheet.grass0, MapSheet.grass0, MapSheet.grass0, MapSheet.grass0, MapSheet.grass0, MapSheet.grass0, MapSheet.grass0, MapSheet.grass0, MapSheet.grass0, MapSheet.grass0, MapSheet.grass0, MapSheet.grass0, MapSheet.grass0, MapSheet.grass0, MapSheet.grass0, MapSheet.grass0, MapSheet.grass0
MapSheet.grass0, MapSheet.grass0, MapSheet.grass0, MapSheet.grass0, MapSheet.grass0, MapSheet.grass0, MapSheet.grass0, MapSheet.grass0, MapSheet.grass0, MapSheet.grass0, MapSheet.grass0, MapSheet.grass0, MapSheet.grass0, MapSheet.grass0, MapSheet.grass0, MapSheet.grass0, MapSheet.grass0, MapSheet.grass0, MapSheet.grass0, MapSheet.grass0, MapSheet.grass0, MapSheet.grass0, MapSheet.grass0, MapSheet.grass0
MapSheet.grass1, MapSheet.grass0, MapSheet.grass0, MapSheet.grass0, MapSheet.grass0, MapSheet.grass0, MapSheet.grass0, MapSheet.grass0, MapSheet.grass0, MapSheet.grass0, MapSheet.grass0, MapSheet.grass0, MapSheet.grass0, MapSheet.grass0, MapSheet.grass0, MapSheet.grass0, MapSheet.grass0, MapSheet.grass0, MapSheet.grass0, MapSheet.grass0, MapSheet.grass0, MapSheet.grass0, MapSheet.grass0, MapSheet.grass0
MapSheet.grass0, MapSheet.grass0, MapSheet.grass0, MapSheet.grass0, MapSheet.grass0, MapSheet.grass0, MapSheet.grass0, MapSheet.grass0, MapSheet.grass0, MapSheet.grass0, MapSheet.grass0, MapSheet.grass0, MapSheet.grass0, MapSheet.grass0, MapSheet.grass0, MapSheet.grass0, MapSheet.grass0, MapSheet.grass0, MapSheet.grass0, MapSheet.grass0, MapSheet.grass0, MapSheet.grass0, MapSheet.grass0, MapSheet.grass0
MapSheet.grass0, MapSheet.grass0, MapSheet.grass0, MapSheet.grass0, MapSheet.grass0, MapSheet.grass0, MapSheet.grass0, MapSheet.grass0, MapSheet.grass0, MapSheet.grass0, MapSheet.grass0, MapSheet.grass0, MapSheet.grass0, MapSheet.grass0, MapSheet.grass0, MapSheet.grass0, MapSheet.grass0, MapSheet.grass0, MapSheet.grass0, MapSheet.grass0, MapSheet.grass0, MapSheet.grass0, MapSheet.grass0, MapSheet.grass0
MapSheet.grass0, MapSheet.grass0, MapSheet.grass0, MapSheet.grass0, MapSheet.grass0, MapSheet.grass0, MapSheet.grass0, MapSheet.grass0, MapSheet.grass0, MapSheet.grass0, MapSheet.grass0, MapSheet.grass0, MapSheet.grass0, MapSheet.grass0, MapSheet.grass0, MapSheet.grass0, MapSheet.grass0, MapSheet.grass0, MapSheet.grass0, MapSheet.grass0, MapSheet.grass0, MapSheet.grass0, MapSheet.grass0, MapSheet.grass0
MapSheet.grass0, MapSheet.grass0, MapSheet.grass0, MapSheet.grass0, MapSheet.grass0, MapSheet.grass0, MapSheet.grass0, MapSheet.grass0, MapSheet.grass0, MapSheet.grass0, MapSheet.grass0, MapSheet.grass0, MapSheet.grass0, MapSheet.grass0, MapSheet.grass0, MapSheet.grass0, MapSheet.grass0, MapSheet.grass0, MapSheet.grass0, MapSheet.grass0, MapSheet.grass0, MapSheet.grass0, MapSheet.grass0, MapSheet.grass0
MapSheet.grass0, MapSheet.grass0, MapSheet.grass0, MapSheet.grass0, MapSheet.grass0, MapSheet.grass0, MapSheet.grass0, MapSheet.grass0, MapSheet.grass0, MapSheet.grass0, MapSheet.grass0, MapSheet.grass0, MapSheet.grass0, MapSheet.grass0, MapSheet.grass0, MapSheet.grass0, MapSheet.grass0, MapSheet.grass0, MapSheet.grass0, MapSheet.grass0, MapSheet.grass0, MapSheet.grass0, MapSheet.grass0, MapSheet.grass0
MapSheet.grass0, MapSheet.grass0, MapSheet.grass0, MapSheet.grass0, MapSheet.grass0, MapSheet.grass0, MapSheet.grass0, MapSheet.grass0, MapSheet.grass0, MapSheet.grass0, MapSheet.grass0, MapSheet.grass0, MapSheet.grass0, MapSheet.grass0, MapSheet.grass0, MapSheet.grass0, MapSheet.grass0, MapSheet.grass0, MapSheet.grass0, MapSheet.grass0, MapSheet.grass0, MapSheet.grass0, MapSheet.grass0, MapSheet.grass0
MapSheet.grass0, MapSheet.grass0, MapSheet.grass0, MapSheet.grass0, MapSheet.grass0, MapSheet.grass0, MapSheet.grass0, MapSheet.grass0, MapSheet.grass0, MapSheet.grass0, MapSheet.grass0, MapSheet.grass0, MapSheet.grass0, MapSheet.grass0, MapSheet.grass0, MapSheet.grass0, MapSheet.grass0, MapSheet.grass0, MapSheet.grass0, MapSheet.grass0, MapSheet.grass0, MapSheet.grass0, MapSheet.grass0, MapSheet.grass0
MapSheet.grass0, MapSheet.grass0, MapSheet.grass0, MapSheet.grass0, MapSheet.grass0, MapSheet.grass0, MapSheet.grass0, MapSheet.grass0, MapSheet.grass0, MapSheet.grass0, MapSheet.grass0, MapSheet.grass0, MapSheet.grass0, MapSheet.grass0, MapSheet.grass0, MapSheet.grass0, MapSheet.grass0, MapSheet.grass0, MapSheet.grass0, MapSheet.grass0, MapSheet.grass0, MapSheet.grass0, MapSheet.grass0, MapSheet.grass0
MapSheet.grass0, MapSheet.grass0, MapSheet.grass0, MapSheet.grass0, MapSheet.grass0, MapSheet.grass0, MapSheet.grass0, MapSheet.grass0, MapSheet.grass0, MapSheet.grass0, MapSheet.grass0, MapSheet.grass0, MapSheet.grass0, MapSheet.grass0, MapSheet.grass0, MapSheet.grass0, MapSheet.grass0, MapSheet.grass0, MapSheet.grass0, MapSheet.grass0, MapSheet.grass0, MapSheet.grass0, MapSheet.grass0, MapSheet.grass0
MapSheet.grass0, MapSheet.grass0, MapSheet.grass0, MapSheet.grass0, MapSheet.grass0, MapSheet.grass0, MapSheet.grass0, MapSheet.grass0, MapSheet.grass0, MapSheet.grass0, MapSheet.grass0, MapSheet.grass0, MapSheet.grass0, MapSheet.grass0, MapSheet.grass0, MapSheet.grass0, MapSheet.grass0, MapSheet.grass0, MapSheet.grass0, MapSheet.grass0, MapSheet.grass0, MapSheet.grass0, MapSheet.grass0, MapSheet.grass0
MapSheet.grass0, MapSheet.grass0, MapSheet.grass0, MapSheet.grass0, MapSheet.grass0, MapSheet.grass0, MapSheet.grass0, MapSheet.grass0, MapSheet.grass0, MapSheet.grass0, MapSheet.grass0, MapSheet.grass0, MapSheet.grass0, MapSheet.grass0, MapSheet.grass0, MapSheet.grass0, MapSheet.grass0, MapSheet.grass0, MapSheet.grass0, MapSheet.grass0, MapSheet.grass0, MapSheet.grass0, MapSheet.grass0, MapSheet.grass0
MapSheet.grass0, MapSheet.grass0, MapSheet.grass0, MapSheet.grass0, MapSheet.grass0, MapSheet.grass0, MapSheet.grass0, MapSheet.grass0, MapSheet.grass0, MapSheet.grass0, MapSheet.grass0, MapSheet.grass0, MapSheet.grass0, MapSheet.grass0, MapSheet.grass0, MapSheet.grass0, MapSheet.grass0, MapSheet.grass0, MapSheet.grass0, MapSheet.grass0, MapSheet.grass0, MapSheet.grass0, MapSheet.grass0, MapSheet.grass0
MapSheet.grass0, MapSheet.grass0, MapSheet.grass0, MapSheet.grass0, MapSheet.grass0, MapSheet.grass0, MapSheet.grass0, MapSheet.grass0, MapSheet.grass0, MapSheet.grass0, MapSheet.grass0, MapSheet.grass0, MapSheet.grass0, MapSheet.grass0, MapSheet.grass0, MapSheet.grass0, MapSheet.grass0, MapSheet.grass0, MapSheet.grass0, MapSheet.grass0, MapSheet.grass0, MapSheet.grass0, MapSheet.grass0, MapSheet.grass0
MapSheet.grass0, MapSheet.grass0, MapSheet.grass0, MapSheet.grass0, MapSheet.grass0, MapSheet.grass0, MapSheet.grass0, MapSheet.grass0, MapSheet.grass0, MapSheet.grass0, MapSheet.grass0, MapSheet.grass0, MapSheet.grass0, MapSheet.grass0, MapSheet.grass0, MapSheet.grass0, MapSheet.grass0, MapSheet.grass0, MapSheet.grass0, MapSheet.grass0, MapSheet.grass0, MapSheet.grass0, MapSheet.grass0, MapSheet.grass0
MapSheet.grass0, MapSheet.grass0, MapSheet.grass0, MapSheet.grass0, MapSheet.grass0, MapSheet.grass0, MapSheet.grass0, MapSheet.grass0, MapSheet.grass0, MapSheet.grass0, MapSheet.grass0, MapSheet.grass0, MapSheet.grass0, MapSheet.grass0, MapSheet.grass0, MapSheet.grass0, MapSheet.grass0, MapSheet.grass0, MapSheet.grass0, MapSheet.grass0, MapSheet.grass0, MapSheet.grass0, MapSheet.grass0, MapSheet.grass0